Nombre,Cargo,Departamento,Facultad,Perfil,Formacion_Academica,URL_Perfil
"Alexander Caicedo Dorado, Ph.D.",Profesor Temporal,Ingeniería Electrónica,Facultad de Ingeniería,"Soy un Ingeniero con interés en el procesamiento de señales biomédicas e inteligencia artificial, especificamente en el aprendizaje automático de máquina y análisis de datos. El foco de mis actividades de investigación está orientado al uso de técnicas avanzadas de procesamiento de señales y técnicas de aprendizaje automático de máquina para tratar de entender algunos procesos (pato)fisiológicos, así mismo como desarrollar nuevas técnicas para mejorar el diagnóstico y prognosis actual. Mi línea principal de trabajo se ha relacionado con el desarrollo de modelos interpretables, y en los últimos años en el desarrollo de nuevos algoritmos para el entrenamiento de modelos de aprendizaje automático de máquina.","Doctorado, Doctorado En Ingeniería | Fecha de grado: | 07 jun 2013 | Maestría, Maestría En Ingeniería De Control Industrial | Fecha de grado: | 17 dic 2007 | Pregrado, Ingeniería Electrónica | Fecha de grado: | 10 dic 2004",https://perfilesycapacidades.javeriana.edu.co/es/persons/acaicedod
"Arturo Fajardo Jaimes, Ph.D.",Profesor Asociado,Ingeniería Electrónica,Facultad de Ingeniería,"Arturo Fajardo
 – Profesor Asociado, Departamento de Ingeniería Electrónica, Pontificia Universidad Javeriana, Bogotá, Colombia.
Formación:
 Ph.D. en Ingeniería Eléctrica (Universidade Federal de Santa Catarina, Brasil), M.Sc. y B.Sc. en Ingeniería Electrónica (Pontificia Universidad Javeriana, Colombia).
Áreas de investigación:
 Electrónica de potencia, redes de sensores inalámbricos, circuitos RF, microredes agua-energía, desarrollo sostenible.
Resumen:
 Líder del grupo de investigación SISCOM, mentor de estudiantes y autor de más de 50 publicaciones y 20 proyectos relacionados con energía limpia, acceso al agua y ciudades sostenibles. Apasionado por la investigación, la docencia y la formación de futuros ingenieros.
Intereses personales:
 Voleibol, tenis, tenis de mesa y juegos de estrategia de mesa.","Doctorado, Doctor en Ingeniería Eléctrica | Fecha de grado: | 28 mar 2018 | Maestría, Magister en Ingeniería Electrónica | Fecha de grado: | 01 abr 2008 | Pregrado, Ingeniero Electrónico | Fecha de grado: | 01 sept 2002",https://perfilesycapacidades.javeriana.edu.co/es/persons/fajardoa
"Camilo Alberto Otálora Sánchez, MSc.",Profesor Asistente,Ingeniería Electrónica,Facultad de Ingeniería,,"Maestría, Magister en Ingeniería Electrónica | Fecha de grado: | 06 sept 2008 | Pregrado, Ingeniero Electrónico | Fecha de grado: | 01 oct 1990",https://perfilesycapacidades.javeriana.edu.co/es/persons/camilo.otalora
"Carlos Alberto Parra Rodríguez, Ph.D.",Profesor Titular,Ingeniería Electrónica,Facultad de Ingeniería,,"Doctorado, Doctor en Robótica | Fecha de grado: | 07 jun 1999 | Maestría, Diplome D'etudes Approndies Dea | Fecha de grado: | 01 sept 1995 | Maestría, Magister en Ingeniería Electrica | Fecha de grado: | 01 sept 1994 | Pregrado, Ingeniero Electrónico | Fecha de grado: | 01 oct 1992",https://perfilesycapacidades.javeriana.edu.co/es/persons/carlos.parra
"Carlos Iván Páez Rueda, Ph.D.",Profesor Titular,Ingeniería Electrónica,Facultad de Ingeniería,,"Doctorado, Doctor en Ingeniería | Fecha de grado: | 06 mar 2017 | Especialización, Especialista en Docencia e Investigacion Universitaria | Fecha de grado: | 01 mar 2004 | Maestría, Magister en Ingeniería Electrica | Fecha de grado: | 01 mar 2002 | Pregrado, Ingeniero Electrónico | Fecha de grado: | 01 oct 1997",https://perfilesycapacidades.javeriana.edu.co/es/persons/paez.carlos
"Catalina Alvarado Rojas, Ph.D.",Profesor Asociado,Ingeniería Electrónica,Facultad de Ingeniería,,"Doctorado, Docteur Spécialité: Cerveau - Cognition - Comportement | Fecha de grado: | 05 nov 2013 | Maestría, Magíster en Ingeniería. Área: Electrónica y de Computadores | Fecha de grado: | 19 sept 2009 | Pregrado, Ingeniera Electrónica | Fecha de grado: | 15 mar 2008",https://perfilesycapacidades.javeriana.edu.co/es/persons/catalina_alvarado
"Daniel Jaramillo Ramírez, Ph.D.",Profesor Asistente,Ingeniería Electrónica,Facultad de Ingeniería,,"Doctorado, Doctor of Philosophy in Telecommunications (icst) | Fecha de grado: | 15 may 2014",https://perfilesycapacidades.javeriana.edu.co/es/persons/d-jaramillo
"David Magín Flórez Rubio, Ph.D.",Profesor Temporal,Ingeniería Electrónica,Facultad de Ingeniería,,,https://perfilesycapacidades.javeriana.edu.co/es/persons/d.florez
"Diego Alejandro Patiño Guevara, Ph.D.",Profesor Titular,Ingeniería Electrónica,Facultad de Ingeniería,"Full Professor of the Department of Electronics received his Electronic Engineering degree from the National University of Colombia, Manizales campus. He completed his Master's in Electronics and Computers at the University of Los Andes, and his Doctorate in Automatic Control and Digital Signal Processing from the University of Lorraine, in France. He is currently the Head of the Department of Electronics at Pontificia Universidad Javeriana. He is classified as a Senior Researcher according to the latest Minciencias classification. He has served as the director of the Master's program in Electronics and of Energy and Sustainability. He was the editor-in-chief of the ""Engineering and University"" journal. He is the author of around 200 journal and conference articles. His interests focus on control systems, energy systems, smart cities, smart agriculture, and applications for early cancer detection.
Profesor Titular del Departamento de Electrónica, recibió el título de Ingeniero Electrónico de la Universidad Nacional de Colombia, sede Manizales, realizó su Maestría en Electrónica y Computadores de la Universidad de Los Andes, y su Doctorado en Control Automático y Procesamiento digital de señales de la Universidad de Lorraine, en Francia. Actualmente es el director de departamento de electrónica de la Pontificia Universidad Javeriana.  Se encuentra clasificado como Investigador Senior según la última clasificación de Minciencias. Ha sido director de la maestría en electrónica y de energía y sostenibilidad. Fue editor en jefe de la revista ingeniería y Universidad.  Es autor de alrededor de 200 artículos de revistas y conferencias.  Sus intereses se centran en sistemas de control, sistemas de energía, smart-city, agricultura inteligente y aplicaciones para la detección temprana de cáncer.","Doctorado, Doctor en Automatizacion y Procesamiento de Señales | Fecha de grado: | 23 abr 2009 | Maestría, Maestría en Electrónica y Computadores | Fecha de grado: | 09 abr 2005",https://perfilesycapacidades.javeriana.edu.co/es/persons/patino-d
"Diego Méndez Chaves, Ph.D.",Profesor Asociado,Ingeniería Electrónica,Facultad de Ingeniería,"Diego Méndez Chaves está vinculado al Departamento de Electrónica de la Pontificia Universidad Javeriana, Bogotá, Colombia, en el nivel de Profesor Titular. Diego recibió su Ph.D (2012) y su M.Sc (2011) en Ciencias de la Computación de la 
University of South Florida
, Tampa FL, USA, su M.Eng. (2008) de la 
Universidad de Los Andes
, Bogotá, Colombia, y su B.Eng. (2005) en Ingeniería Electrónica de la 
Universidad Nacional
, Bogotá, Colombia. Sus intereres de investigación incluyen Internet de las Cosas (Internet of Things - IoT), sistemas embebidos, redes inalámbricas de sensores (wireless sensor networks - WSN), sensado participativo, diseño de sistemas digitales, sistemas operativos, diseño de alto nivel y TinyML.
Diego también es un Investigador Asociado en el Laboratorio T/ICT4D del International Centre for Theoretical Physics (
ICTP
) en Trieste, Italia.","Doctorado, Doctor en Ciencias de la Computación e Ingeniería | Fecha de grado: | 04 ago 2012 | Maestría, Master of Science in Computer Science | Fecha de grado: | 08 dic 2011 | Maestría, Magister en Ingeniería - Área: Electrónica y Computadores | Fecha de grado: | 15 mar 2008 | Pregrado, Ingeniero Electrónico | Fecha de grado: | 15 abr 2005",https://perfilesycapacidades.javeriana.edu.co/es/persons/diego-mendez
"Eduardo Andrés Gerlein Reyes, Ph.D.",Profesor Asociado,Ingeniería Electrónica,Facultad de Ingeniería,"Eduardo Gerlein obtuvo su título de Ingeniero en Electrónica de la Pontificia Universidad Javeriana (Bogotá, Colombia) en 2002 y su Maestría en Ciencias en Ingeniería Electrónica en 2008 de la misma institución. Entre enero de 2003 y junio de 2005, se desempeñó como Asistente de Investigación en el Departamento de Ingeniería Electrónica en la Pontificia Universidad Javeriana, dentro del grupo de Sistemas Inteligentes, Robótica y Percepción. Posteriormente, fue nombrado Profesor Instructor en el Departamento de Electrónica en la Pontificia Universidad Javeriana.
En el verano de 2009, Gerlein fue seleccionado para una Pasantía de Investigación de Verano en el Departamento de Ingeniería Eléctrica y de Computadoras en la Universidad de Delaware (Newark, EE. UU.), bajo la supervisión del Profesor Sylvain Cloutier, enfocándose en el desarrollo del curso de Dispositivos Semiconductores.
En junio de 2016, recibió su Doctorado de la Universidad de Ulster (Irlanda del Norte, Reino Unido), con base en el Centro de Investigación de Sistemas Inteligentes (Londonderry, Irlanda del Norte) como parte del Grupo de Ingeniería de Mercados de Capitales. Bajo la supervisión del Profesor Martin McGinnity, el Dr. Ammar Belatreche y la Dra. Sonya Coleman, su investigación estuvo dirigida al desarrollo de arquitecturas de hardware para sistemas multiagente en FPGA para aplicaciones financieras.
Intereses de Investigación: Robótica, Sistemas Multiagente, Sistemas Embebidos, Diseño de Sistemas Digitales, Bioingeniería.","Doctorado, Doctor en Ciencias de la Computación | Fecha de grado: | 20 abr 2016 | Maestría, Maestria en Ingeniería Electrónica | Fecha de grado: | 01 sept 2008 | Pregrado, Ingeniero Electrónico | Fecha de grado: | 01 sept 2002",https://perfilesycapacidades.javeriana.edu.co/es/persons/egerlein
"Francisco Carlos Calderón Bocanegra, Ph.D.",Profesor Asistente,Ingeniería Electrónica,Facultad de Ingeniería,"Soy Profesor Universitario desde 2009, con una trayectoria dedicada al procesamiento de señales multidimensionales e inteligencia artificial. Mi especialización abarca visión por computadora, sistemas estéreo y multivista, robótica y la estimación de variables de tráfico. En la Pontificia Universidad Javeriana, mi investigación se centra en la estimación de profundidad, fotografía computacional y procesamiento de imágenes, sustentada en mi sólida experiencia en el procesamiento digital de señales, especialmente en señales multidimensionales como imágenes y videos. He desarrollado sistemas embebidos para el procesamiento de señales, clasificación y control, incluyendo sistemas complejos que demandan una optimización de hardware minuciosa. Mi contribución al campo de la inteligencia artificial y visión por computadora se refleja en una amplia gama de aplicaciones prácticas, desde la mejora de sistemas de tráfico hasta avances en la agricultura de precisión y la robótica.","Doctorado, Doctor en Ingeniería | Fecha de grado: | 11 mar 2017 | Maestría, Magíster en Ingeniería Electrónica | Fecha de grado: | 04 sept 2010 | Pregrado, Ingeniero Electrónico | Fecha de grado: | 28 mar 2009",https://perfilesycapacidades.javeriana.edu.co/es/persons/calderonf
"Germán Yamhure Kattah, MSc.",Profesor Asistente,Ingeniería Electrónica,Facultad de Ingeniería,,"Maestría, Magister en Ingeniería Electrónica | Fecha de grado: | 06 sept 2008 | Pregrado, Ingeniero Electrónico | Fecha de grado: | 01 feb 1978",https://perfilesycapacidades.javeriana.edu.co/es/persons/gyamhure
"Gustavo Adolfo Ramírez Espinosa, Ph.D.",Profesor Asistente,Ingeniería Electrónica,Facultad de Ingeniería,"Gustavo Ramírez-Espinosa, ingeniero electrónico y M.Sc en Elecrónica de la Pontificia Universidad Javeriana, Bogotá, Colombia. Y doctor en Ingeniería Informática y Control en el Politécnico de Turín, Italia, en 2023. Actualmente es Profesor Asistente en el Departamento de Electrónica de la Pontificia Universidad Javeriana. Sus intereses de investigación incluyen IoT, Tecnología Musical, sistemas embebidos, aprendizaje automático, redes de datos y ciberseguridad.","Doctorado, Dottore Ingegneria Informatica e Dei Sistemi | Fecha de grado: | 26 oct 2023 | Maestría, Magister en Ingeniería Electrónica | Fecha de grado: | 23 ago 2013 | Pregrado, Ingeniero Electrónico | Fecha de grado: | 18 feb 2010",https://perfilesycapacidades.javeriana.edu.co/es/persons/ramirez.g
"Jairo Alberto Hurtado Londoño, Ph.D.",Profesor Titular,Ingeniería Electrónica,Facultad de Ingeniería,"Jairo A. Hurtado es profesor titular en la Facultad de Ingeniería de la Pontificia Universidad Javeriana en Bogotá, Colombia.
Recibió su doctorado en electrónica y comunicaciones en el Politécnico de Turín.
Fue Director del Programa de Ingeniería Electrónica y ha estado trabajando en diversos iniciativas para potenciar los procesos de aprendizaje de sus alumnos.
Su áreas principales de trabajo son el procesamiento de señales y la educación en ingeniería.","Doctorado, Doctor en Investigación en Ingeniería Electrónica y Comunicaciones | Fecha de grado: | 05 nov 2012 | Maestría, Magister en Ingeniería Electrónica | Fecha de grado: | 01 abr 2003 | Pregrado, Ingeniero Electrónico | Fecha de grado: | 01 dic 1996",https://perfilesycapacidades.javeriana.edu.co/es/persons/jhurtado
"José Reinaldo Vuelvas Quintana, Ph.D.",Profesor Asistente,Ingeniería Electrónica,Facultad de Ingeniería,"Ingeniero electrónico con maestría y doctorado en Ingeniería, con énfasis en sistemas de control, mercados eléctricos y optimización. Profesor Asociado y Director de la Maestría en Energía y Sostenibilidad en la Pontificia Universidad Javeriana (Colombia), donde lidera el grupo de investigación CEPIT, reconocido en categoría A1 por Minciencias. Su trabajo de investigación, desarrollado a lo largo de más de una década, se centra en la respuesta a la demanda, los vehículos eléctricos, la teoría de juegos aplicada a mercados eléctricos, y los sistemas de gestión de energía para microrredes. Ha publicado extensamente en revistas de alto impacto como Applied Energy, IEEE Access y Sustainable Energy, Grids & Networks, y ha sido reconocido como Investigador Senior por Minciencias. Cuenta con experiencia en dirección de tesis doctorales, gestión académica de posgrado, consultoría energética con el sector productivo, y formación continua para empresas del sector energético.","Doctorado, Doctor en Ingeniería | Fecha de grado: | 16 mar 2019 | Maestría, Magíster en Ingeniería Electrónica | Fecha de grado: | 04 sept 2010 | Pregrado, Ingeniero Electrónico | Fecha de grado: | 08 sept 2009",https://perfilesycapacidades.javeriana.edu.co/es/persons/vuelvasj
"Juan Carlos Giraldo Carvajal, Ph.D.",Profesor Asociado,Ingeniería Electrónica,Facultad de Ingeniería,"Profesor de la Pontificia Universidad Javeriana con Maestría en Diseño de Sistemas Digitales y Doctorado en Electromagnetismo Computacional.
Previa a su vinculación con la Universidad Javeriana trabajo en los Sectores de Soporte de Energía, Sistemas de Comunicación y Desarrollo de Software entre los años 1996 y 2002.
Actualmente es Jefe de la Sección de Digitales. Con amplia trayectoria en gestión académica como Director del Programa de Ingeniería Electrónica de la Pontficia Universidad Javeriana entre los años 2002 y 2008. Fue responsable del proceso de acreditación del programa ante el CNA (Consejo Nacional de Acreditación), Refoma Curricular e Implementación de Sistemas de Información.
En docencia implementó procesos de evaluación por competencias en algunos de las asignaturas a su cargo. Su área de experticia ha sido el deasarrollo de software para Sistemas Embebidos y Diseño DIgital.
En investigación su área se centra en simulación de circuitos por computador, fenómenos físicos, dada su experticia en métodos de FDTD para Electromagnetismo Computacional.
Ha sido Consejero Académico y actualemnt lidera los Semileros de Investogación en Blockchain y Física Computacional.","Doctorado, Doctor en Ingeniería | Fecha de grado: | 30 sept 2020 | Maestría, Magister en Ingeniería Electrónica | Fecha de grado: | 05 sept 2009 | Pregrado, Ingeniero Electrónico | Fecha de grado: | 01 ene 1991",https://perfilesycapacidades.javeriana.edu.co/es/persons/jcgiraldo
"Julián David Colorado Montaño, Ph.D.",Profesor Asociado - Consejero Académico,Ingeniería Electrónica,Facultad de Ingeniería,"I’m an Associate Professor in the Dept of Electronics Engineering at Pontificia Universidad Javeriana (PUJ) in Bogota, Colombia. My current research involves the development of cutting-edge methods for autonomous systems, with a strong focus on AI-driven applied robotics, aiming at designing, developing and deploying smart robotic systems in the field. Over the years, I have led R&D projects in the areas of biologically inspired soft robots, UAV-based sensing and monitoring, precision agriculture & smart-farming, and robotic-aided bioengineering applications. Also, on advanced multi-omics phenotyping using robotics, AI and remote sensing approaches. I'm also author of the textbook 
ROBOTICA: ENFOQUE COMPUTACIONAL
. Editorial Javeriana, Colombia, 2023. ISBN 978-628-7618-60-2. p.454 
I’m also a 
wildlife & nature
 passionate photographer. Wildlife photography is heavily reliant on animal behavioral patterns. This is a passion I have from the last 16 years in the field. I specialize in capturing the artistic beauty of natural habitats and intimate moments with wildlife, relying on Nikon ℤ gear 📷 - My fine art frames are selected amongst my most beloved photographs from the unforgettable moments out there in nature. See 
portfolio
. I'm also author of the photography book 
ALAS DE LA REGION ANDINA
, Vol 1. 2021. Editorial Paramericana Formas e Impresos SAS. Colombia. ISBN: 978-958-49-4183-1. p.45","Doctorado, Doctor en Automática y Robótica, | UNIVERSIDAD POLITECNICA DE MADRID -UNIVERSIDA | Fecha de grado: | 14 dic 2012 | Doctorado, Doctoral Research fellow in Bio-inspired aerial robotics, | Brown University | Fecha de grado: | 30 jul 2011 | Maestría, Robótica y Automática , | UNIVERSIDAD POLITECNICA DE MADRID -UNIVERSIDA | Fecha de grado: | 15 dic 2009 | Pregrado, Ingeniería Electrónica, | Pontificia Universidad Javeriana Seccional Cali | Fecha de grado: | 30 nov 2006",https://perfilesycapacidades.javeriana.edu.co/es/persons/coloradoj
"Luis Carlos Trujillo Arboleda, MSc.",Profesor Asistente,Ingeniería Electrónica,Facultad de Ingeniería,,"Maestría, Magister en Ingenieria - Area Telematica | Fecha de grado: | 28 oct 2005 | Pregrado, Ingeniero en Electronica | Fecha de grado: | 01 dic 1993",https://perfilesycapacidades.javeriana.edu.co/es/persons/trujillo.luis
"Luis Fernando Melchior Ramírez, Ph.D.",Profesor Temporal - Consejero Académico,Ingeniería Electrónica,Facultad de Ingeniería,"Amplia y destacada experiencia en Colombia y en el exterior, en las áreas de Dirección de Investigación y Desarrollo en Electrónica de Potencia, Investigación y Desarrollo en Electrónica de Potencia y Energía Solar, Ingeniería, Documentación, Capacitación, Pruebas, Servicio Técnico y al Cliente, al igual que en Docencia Universitaria, Gerencia de Proyectos y Aseguramiento del Sistema de Gestión de la Calidad ISO9001.","Maestría, Maestría En Administración Y Planificación Educativa | Fecha de grado: | 12 ago 2019 | Pregrado, Ingenieria Electronica | Fecha de grado: | 01 mar 2004",https://perfilesycapacidades.javeriana.edu.co/es/persons/lmelchior
"Luis Gabriel Marín Collazos, Ph.D.",Profesor Asistente,Ingeniería Electrónica,Facultad de Ingeniería,"Luis Gabriel Marín Collazos es Doctor en Ingeniería Eléctrica, Magíster en Ciencias de la Información y las Comunicaciones, Especialista en Evaluación Pedagógica e Ingeniero Electrónico. Actualmente se desempeña como profesor en el Departamento de Ingeniería Electrónica de la Pontificia Universidad Javeriana.
Su agenda de investigación incluye la operación y coordinación de comunidades energéticas particularmente basados en estrategias de control predictivo robusto, así como el desarrollo de metodologías (redes neuronales, sistemas difusos tipo-1 y tipo-2, Support Vector Regressor –SVR– y deep learning) para el modelamiento de sistemas nolineales con caracterización de la incertidumbre tales como la demanda eléctrica y recursos de energía renovables. También está enfocada en la planeación de sistemas energéticos considerando el efecto de la incertidumbre de los recursos renovables y la demanda como estrategia para reducir las emisiones de carbono y aumentar el uso eficiente de la energía, en el desarrollo de metodologías para la transición hacia sistemas de distribución de energía resilientes basado en microrredes.","Doctorado, Doctor En Ingeniería Eléctrica, | Universidad de Chile | Fecha de grado: | 28 dic 2018 | Maestría, Maestría En Ciencias De La Información Y Las Comunicaciones | Fecha de grado: | 28 sept 2012 | Especialización, Especialización En Evaluación Pedagógica | Fecha de grado: | 14 dic 2006 | Pregrado, Ingeniería Electrónica | Fecha de grado: | 30 may 2003",https://perfilesycapacidades.javeriana.edu.co/es/persons/luis_marinc
"Manuel Ricardo Pérez Cerquera, Ph.D.",Profesor Asociado,Ingeniería Electrónica,Facultad de Ingeniería,"Senior Research Scientist in Applied Electromagnetics with over 10 years of experience leading research, development, and innovation projects. Currently, I serve as an Associate Professor in the Department of Electronics Engineering at Pontificia Universidad Javeriana in Bogotá, Colombia. I am an experienced lecturer, teaching undergraduate courses in Electromagnetism, Microwave Systems, Communications for Wireless Sensor Networks, and Radar Systems. At the graduate level, I have taught Ph.D. and M.Sc. courses in Antennas, Wireless Communications, and Internet of Things (IoT) Communications. My research has resulted in numerous publications in internationally indexed journals. 
My expertise includes antenna design and measurement for a wide range of applications and frequency bands, as well as microwave systems and radiofrequency electronics. I am also highly experienced in bio-electromagnetics, particularly in Specific Absorption Rate (SAR) assessment and the study of implantable medical device (IMD) susceptibility. Additionally, I specialize in IoT communications, with a focus on Low-power Wide-area Networks. As a mentor and advisor, I have supervised more than 50 undergraduate, M.Sc., and Ph.D. theses.","Doctorado, Doctor en Ingeniería Electrónica y de Las Comunicaciones | Fecha de grado: | 26 nov 2013 | Maestría, Electronics Engineering (Wireless Communications) | Fecha de grado: | 15 nov 2009 | Pregrado, Electronics Engineering | Fecha de grado: | 15 sept 2007",https://perfilesycapacidades.javeriana.edu.co/es/persons/manuel.perez
"Martha Lucía Cano Morales, Ph.D.",Profesor Temporal,Ingeniería Electrónica,Facultad de Ingeniería,,"Doctorado, Doctora en Ingeniería, | Rowan University | Fecha de grado: | 30 ago 2025 | Maestría, Maestría en ciencias de la modelización de la información y de sistemas, | Université Paul Sabatier Toulouse III | Fecha de grado: | 28 nov 2006 | Pregrado, Ingeniera Electrónica, | Pontificia Universidad Javeriana Sede Bogotá | Fecha de grado: | 28 ago 2004 | Palabras clave | HT Communities. Classes. Races | TK Electrical engineering. Electronics Nuclear engineering",https://perfilesycapacidades.javeriana.edu.co/es/persons/martha-lucia-cano-morales
"Martha Lucía Zequera Díaz, Ph.D.",Profesor Titular,Ingeniería Electrónica,Facultad de Ingeniería,"Soy Martha 
Zequera
 Díaz, Diseñadora Industrial egresada en 1987 de la Pontificia Universidad Javeriana, con Maestría en Ingeniería Biomédica en la Universidad de 
Dundee
, Reino Unido en 1992 y con Doctorado en Bioingeniería de la Universidad de 
Strathclyde
, Reino Unido, en 2003, en donde actualmente soy profesora invitada. Soy Profesora Titular del Departamento de Electrónica de la Facultad de Ingeniería de la Pontificia Universidad Javeriana, vinculada a esta institución desde 1992 a la fecha; dictando las asignaturas de emprendimiento y tecnología, seminario de trabajo de grado, regulación de dispositivos médicos e ingeniería y sociedad, en el departamento de electrónica; he dirigido más de 40 trabajos de grado de electrónica, 15 de maestría en Bioingeniería y la dirección de 5 tesis doctorales. Con una trayectoria de más de 15 años en investigación en el campo de ingeniería 
Biomedica
 y 
Bioingenieria
; particularmente en el campo de la biomecánica aplicada a soluciones digitales soportadas por tecnologías emergentes para el manejo integral de enfermedades crónicas particularmente la diabetes. Actualmente, lidero el desarrollo de la tecnología 
DIAPETICS
 para el ecosistema digital del autocuidado de los pies, con él apoyó del sector productivo.
Desde el año 2008 soy miembro activo del Grupo de Investigación en Bioingeniería “
BASPI
” enfocado en análisis de procesamiento de señales e imágenes. Mis intereses de investigación en Ingeniería Biomédica incluyen el desarrollo de plataformas digitales integradas con dispositivos biomédicos y sistemas de información para la evaluación biomecánica y neurológica de las alteraciones de la marcha, desórdenes de los pies y su aplicación en el desarrollo de calzado saludable. Adicionalmente, estoy realizando investigaciones para la mejora del diagnóstico precoz y el tratamiento de las complicaciones del pie diabético y otros desórdenes del pie, mediante el desarrollo de sistemas digitales innovadores para soportar diagnósticos y tratamientos basados ​​en el procesamiento de imágenes médicas y sistemas CAD/CAM para brindar confort con plantillas terapéuticas y calzado saludable. Mi principal interés de investigación es contribuir en la mejora del diagnóstico, control y tratamiento de las complicaciones de la diabetes mediante la integración de tecnologías emergentes IA, e-
health
, m-
health
, Telemedicina, dispositivos de monitorización continua, sistemas expertos, sistemas de salud móviles inteligentes personalizados y sistemas de información de salud. Soy autora y coautora de artículos publicados en revistas científicas y trabajos presentados en congresos internacionales, además de la publicación de dos libros y normas de dispositivos médicos elaborados para el Ministerio de Salud de Colombia.
He estado vincula a proyectos de investigación para el diagnóstico temprano y manejo del pie diabético con el fin de prevenir amputaciones mediante el uso de TIC, financiados por el Gobierno (COLCIENCIAS) y la Pontificia Universidad Javeriana con la colaboración internacional de la Universidad Stratchclyde. Reino Unido, Universidad de Zagreb, Croacia, Universidad de Orleans, Francia y Universidad de Girona, España.
He participado en redes internacionales en las cuales he ocupado cargos en las directivas de las sociedades científicas más destacadas a nivel mundial, con el objetivo de promover el desarrollo de la ingeniería biomédica a nivel global. He sido representante latinoamericana de la Sociedad de Ingeniería en Medicina y Biología IEEE/EMBS desde 2010 hasta 2014, también he sido miembro AdCom de la IEEE/EMBS Internacional y fui nominada como Presidenta del Capítulo de Desarrollo Mundial de IEEE/EMBS durante los años 2010, 2011 y 2012.
Actualmente, soy miembro del consejo directivo y lidero el grupo de trabajo en educación y acreditación en educación biomédica a nivel global y el grupo de estudiantes y recién graduados de la Federación Internacional Europea de Medicina e Ingeniería Biológica (IFMBE). He organizado varias conferencias, jornadas, reuniones, minisimposios y cursos en Ingeniería Biomédica, en Educación de Bioingeniería, Tecnologías para el Cuidado de la Salud, Biomecánica, Impacto en la Salud Global y Tecnologías emergentes para enfermedades crónicas en las más prestigiosas sociedades científicas internacionales. Las conferencias anuales de la Sociedad de Ingeniería en Medicina y Biología IEEE/EMBS, y la Federación Internacional Europea de Ingeniería Médica y Biológica (IFMBE), y las conferencias latinas del Consejo Regional Latinoamericano de Ingeniería Biomédica (CORAL).
He colaborado con el editor de IFMBE News y soy editora del tema 11, “Educación en ingeniería biomédica” de la conferencia anual de la Sociedad de Ingeniería en Medicina y Biología IEEE/EMBS. Soy revisora ​​de las Transacciones IEEE/EMBS sobre Ingeniería Biomédica.
Actualmente, mi principal interés como profesora de planta de la Pontificia Universidad Javeriana, es promover el interés de innovación y emprendimiento en el sector salud, en las nuevas generaciones de ingenieros, soportada en la aplicación de las tecnologías digitales emergentes para el bienestar del ser humano. En este sentido he creado la escuela de verano desde 2017 hasta la fecha, reconocida como: “
Emerging
 
Technologies
 
To
 
Support
 
Health
 
Care
 
And
 
Independent
 Living”; escuela que se realiza cada año, convocando a estudiantes de toda Latinoamérica y a profesores de Asia, Europa y Latinoamérica para su formación. Escuela financiada por la Pontificia Universidad Javeriana e 
IFMBE
. En este proceso he vinculado el sector productivo y mi proyección es desarrollar un centro de investigación aplicada de referencia en calzado saludable.","Doctorado, Doctor of Philosophy | Fecha de grado: | 11 jul 2003 | Maestría, Master of Sciences in Biomedical Engineering | Fecha de grado: | 01 sept 1991 | Pregrado, Diseñador Industrial | Fecha de grado: | 01 ene 1987",https://perfilesycapacidades.javeriana.edu.co/es/persons/mzequera
"Rafael Fernando Díez Medina, Ph.D.",Profesor Titular - Consejero Académico,Ingeniería Electrónica,Facultad de Ingeniería,"Ingeniero electrónico de la Pontificia Universidad Javeriana (Bogotá, Colombia) en 2001; en 2005 obtuvo su maestría en microelectrónica en la Universidad Paul Sabatier de Toulouse (Francia) y en 2008 su doctorado en ingeniería eléctrica en el Instituto Nacional Politécnico de Toulouse. Actualmente es profesor titular del departamento de electrónica de la Pontificia Universidad Javeriana. Su principal interés es el desarrollo de convertidores de potencia para descargas eléctricas.","Doctorado, Doctor en Ingeniería Electrica | Fecha de grado: | 26 nov 2008 | Maestría, Mastes Sciences de la Modelisation, Specialite Conception Des Circuits Midroelectroniques Et Microsy | Fecha de grado: | 01 mar 2006 | Pregrado, Ingeniero Electrónico | Fecha de grado: | 01 may 2001",https://perfilesycapacidades.javeriana.edu.co/es/persons/rdiez
Wilder Eduardo Castellanos Hernández. Ph.D.,Profesor Asistente - Consejero Académico,Ingeniería Electrónica,Facultad de Ingeniería,"Doctor en Telecomunicaciones y Máster en Tecnologías, Sistemas y Redes por la 
Universitat Politècnica de València
 (
UPV
), España. Especialista en Dirección de Empresas por la 
UPV
 y en Dirección Estratégica por la 
Universitat de València
 (
UV- España
). Graduado en Ingeniería Electrónica de la 
Universidad Industrial de Santander
 (
UIS
), Colombia.
Actualmente, soy profesor del Departamento de Electrónica de la 
Pontificia Universidad Javeriana
 (PUJ) en Bogotá, Colombia, y también formo parte del 
Grupo de Investigación de Sistemas de Comunicaciones 
(SISCOM) de la misma universidad.
Mis intereses de investigación incluyen la transmisión adaptativa de tráfico multimedia sobre redes inalámbricas mesh/ad hoc, arquitecturas de red con Calidad de Servicio (QoS) y las tecnologías y aplicaciones del Internet de las Cosas (IoT).","Doctorado, Doctor en Telecomunicación | Fecha de grado: | 02 jul 2015 | Especialización, Especialización en Dirección Estratégica | Fecha de grado: | 20 jun 2014 | Maestría, Magíster en Tecnologías, Sistemas y Redes de Comunicaciones | Fecha de grado: | 23 oct 2009 | Especialización, Especialista en Dirección de Empresas | Fecha de grado: | 20 jun 2008 | Pregrado, Ingeniero Electrónico | Fecha de grado: | 28 may 2002",https://perfilesycapacidades.javeriana.edu.co/es/persons/wecastellanos
"William Ricardo Rodríguez Dueñas, Ph.D.",Profesor Asociado,Ingeniería Electrónica,Facultad de Ingeniería,"William R. Rodriguez-Dueñas es Ingeniero Biomédico de la Corporación Universitaria de Ciencia y Desarrollo, Especialista en Bioingeniería de la Universidad Distrital Francisco José de Caldas en Bogotá, Colombia; Máster en Ingeniería Biomédica y Doctor en ingeniería de la Universidad de Zaragoza en España. Actualmente es profesor asistente del Departamento de electrónica en la Facultad de ingeniería de la Pontificia Universidad Javeriana en Bogotá. Sus investigaciones se han centrado en el desarrollo de tecnología para trabajar la voz alterada en niños con discapacidad, en tecnologías de asistencia y educación en ingeniería. Ha desarrollado diferentes proyectos de investigación en grupos interdisciplinarios con aplicaciones en salud, ingeniería e industria.","Doctorado, Doctorado En Ingenierías Transversales | Fecha de grado: | 20 dic 2010 | Maestría, Maestría En Ingeniería Biomédica | Fecha de grado: | 04 jun 2009 | Especialización, Especialización En Bioingeniería | Fecha de grado: | 15 ago 2003 | Pregrado, Ingeniería Biomédica | Fecha de grado: | 22 ago 2002",https://perfilesycapacidades.javeriana.edu.co/es/persons/rodriguezd-william
"Adriana del Pilar Diaz Manrique, Ph.D.",Profesor Asistente - Consejero Académico,Ingeniería Industrial,Facultad de Ingeniería,"Adriana del Pilar Díaz Manrique se encuentra vinculada a la Pontificia Universidad Javeriana desde el año 2017 y actualmente es profesora Asistente del Departamento de Ingeniería Industrial. Desarrolla labores de docencia temas relacionados con pensamiento sistémico, sistemas organizacionales y simulación de sistemas sociales. Actualmente es la Directora de la Carrera de Ingeniería Industrial de la Universidad Javeriana en Bogotá. Hace parte del grupo de investigación ZENTECH y su investigación ha abordado temáticas relacionadas con el acceso a la educación superior, salud pública, dinámica de sistemas y análisis de redes sociales.","Doctorado, Doctora en Ingeniería | Fecha de grado: | 31 mar 2017 | Maestría, Magíster en Ingeniería. Área: Industrial | Fecha de grado: | 15 sept 2007 | Pregrado, Ingeniera Industrial | Fecha de grado: | 03 sept 2005",https://perfilesycapacidades.javeriana.edu.co/es/persons/adriana-diaz
"Adriano Cano Cuervo, Ph.D.",Profesor Asistente,Ingeniería Industrial,Facultad de Ingeniería,,,https://ingenieria.javeriana.edu.co/w/industrial-adriano-cano-cuervo?redirect=%2Fcuerpo-docente
"Alejandro García Rodríguez, Ph.D.",Profesor Asistente,Ingeniería Industrial,Facultad de Ingeniería,,,#
"Camilo Andrés Bayona Roa, Ph.D.",Profesor Asistente - Consejero Académico,Ingeniería Industrial,Facultad de Ingeniería,"Para presentarme brevemente, soy investigador, profesor y emprendedor. Mi formación incluye un pregrado de 5 años y un M.Sc. en Ingeniería Mecánica. En 2017, completé un doctorado (Mecánica Computacional) en la Universidad Politécnica de Cataluña - Barcelona Tech. En términos generales, mis principales intereses académicos se encuentran en los campos de métodos computacionales para problemas aplicados, física computacional y computación de alto rendimiento.","Doctorado, Doctor en Análisis Estructural | Fecha de grado: | 18 dic 2017 | Maestría, Maestría en Ingeniería - Ingeniería Mecánica | Fecha de grado: | 12 abr 2012 | Pregrado, Ingeniero Mecánico | Fecha de grado: | 10 mar 2010",https://perfilesycapacidades.javeriana.edu.co/es/persons/ca_bayonar
"Carlos Eduardo Fúquene Retamoso, Ph.D.",Profesor Titular - Consejero Académico,Ingeniería Industrial,Facultad de Ingeniería,,"Doctorado, Doctor en Producción Más Limpia, Ecología Industrial y Desarrollo Sostenible | Fecha de grado: | 02 dic 2021 | Maestría, Master of Environmental Management | Fecha de grado: | 01 dic 1999 | Pregrado, Ingeniero Industrial | Fecha de grado: | 01 abr 1997",https://perfilesycapacidades.javeriana.edu.co/es/persons/cfuquene
"Carlos Eduardo Montoya Casas, Ph.D.",Profesor Asociado - Consejero Académico,Ingeniería Industrial,Facultad de Ingeniería,,"Doctorado, Doctor en Informática y Aplicaciones con Enfoque en Investigación de Operaciones | Fecha de grado: | 17 jul 2013 | Maestría, Magíster en Ingeniería. Área: Industrial | Fecha de grado: | 17 mar 2007 | Pregrado, Ingeniero Industrial | Fecha de grado: | 17 sept 2005",https://perfilesycapacidades.javeriana.edu.co/es/persons/c_montoya
"Christian Ricardo Zea Forero, MSc.",Profesor Asistente - Consejero Académico,Ingeniería Industrial,Facultad de Ingeniería,"Christian Ricardo Zea Forero se encuentra vinculado a la Pontificia Universidad Javeriana desde el año 2011 y actualmente es profesor asistente del Departamento de Ingeniería Industrial. Desempeña sus labores de docencia en las carreras de Ingeniería Industrial, Ingeniería Mecánica y Bioingeniería. Sus actividades de investigación se encuentran vinculadas al área de Ergonomía y Factores Humanos.
Ha desarrollado diversas investigaciones en temas que tratan el desarrollo de la fuerza manual durante las actividades laborales con personas que pertenecen a diferentes sectores laborales como por ejemplo personal administrativo, conductores de vehículos y motocicletas, personas dedicadas a la manufactura, entre otros. En la actualidad se desempeña como director del laboratorio Centro de Estudios de Ergonomía de la Facultad de Ingeniería. Así mismo ha desempeñado labores de consultoría en empresas del sector de hidrocarburos, de alimentos, y de consultoría.
Los principales intereses de investigación del profesor incluyen procesos de manufactura específicamente procesos de mecanizado y de impresión 3D. También está interesado en la ejecución de proyectos de Ergonomía y Factores Humanos realizando trabajos de investigación en el desarrollo de capacidades físicas en la realización de actividades laborales.
El profesor ha publicado durante los últimos años artículos originales como resultados de los procesos de investigación en revistas indexadas. Ha sido revisor de en revistas de publicación nacional como Ciencia e Innovación de la Salud en temas relacionados con Ergonomía.","Maestría, Magíster en Ingeniería Industrial | Fecha de grado: | 03 sept 2011 | Pregrado, Ingeniero Mecánico | Fecha de grado: | 01 dic 2003",https://perfilesycapacidades.javeriana.edu.co/es/persons/crzea
"Clara Mabel Solano Vanegas, Ph.D.",Profesor Asociado - Consejero Académico,Ingeniería Industrial,Facultad de Ingeniería,"La ingeniera Clara Mabel Solano Vanegas se encuentra vinculada a la Pontificia Universidad Javeriana como profesora asociada del Departamento de Ingeniería Industrial.  Actualmente se desempeña como Jefe de la Sección de Gestión del Departamento.  En docencia es responsable de las asignaturas  Ingeniería de Mercados, Práctica Social Proyecto CDIO-3, en el pregrado del programa de Ingeniería Industrial, y a nivel de posgrado, en la Maestría de Ingeniería Industrial, en la asignatura de Seminario II.
Los temas de interés y por ende, de investigación son: Investigación de Mercados, Cadenas de Suministro Humanitarias y Mejoramiento de Procesos.","Doctorado, Doctora en Ingeniería | Fecha de grado: | 10 mar 2018 | Maestría, Magistra en Educación | Fecha de grado: | 13 mar 2009 | Especialización, Especialista en Mercadeo | Fecha de grado: | 01 nov 2001 | Pregrado, Ingeniero Industrial | Fecha de grado: | 01 oct 1992",https://perfilesycapacidades.javeriana.edu.co/es/persons/solano.c
"Clara Tatiana González Hidalgo, Ph.D.",Profesor Asistente - Consejero Académico,Ingeniería Industrial,Facultad de Ingeniería,,"Doctorado, Doctora en Ingeniería Química, Ambiental y de Procesos | Fecha de grado: | 25 sept 2013 | Maestría, Magíster en Ciencias Físicas | Fecha de grado: | 22 jul 2010 | Pregrado, Física | Fecha de grado: | 17 jul 2008",https://perfilesycapacidades.javeriana.edu.co/es/persons/gonzalezclara
"Daniel Ricardo Suárez Venegas, Ph.D.",Profesor Titular - Consejero Académico,Ingeniería Industrial,Facultad de Ingeniería,"Doctor y magister en Ingeniería Biomédica de Delft University of Technology (Países Bajos), magister e ingeniero mecánico de la Universidad de Los Andes (Colombia). Actualmente se desempeña como Profesor Titular de la Facultad de Ingeniería de la Pontifica Universidad Javeriana, donde imparte catedra y participa en proyectos de R&D+i en empleando nuevas tecnologías y diseño de ingeniería, particularmente en salud global y biomecánica. Su interés también en la calidad de la educación tecnológica, siendo evaluador de programas para la ABET (EE.UU.) y coordinador fundador del capítulo de doctorados en ingeniería y afines de ACOFI (Colombia). Ha liderado la creación programas académicos incluyendo el Doctorado en Ciencia y Tecnología de Materiales, la Maestría en Bioingeniería y los pregrados en Ingeniería Mecánica y Bioingeniería en la U Javeriana, y ha trabajado como investigador para varias universidades y centros médicos en Países Bajos y Colombia. Orcid: 
https://orcid.org/0000-0001-6264-2250","Doctorado, Ph.D. en Ingeniería, | Delft University of Technology | Fecha de grado: | 25 ene 2011 | Maestría, Master of Science en Ingeniería Biomédica, | Delft University of Technology | Fecha de grado: | 01 sept 2006 | Maestría, Magister en Ingeniería Mecánica, | Universidad de los Andes Colombia | Fecha de grado: | 01 mar 2000 | Pregrado, Ingeniero Mecánico, | Universidad de los Andes Colombia | Fecha de grado: | 01 feb 1999",https://perfilesycapacidades.javeriana.edu.co/es/persons/d-suarez
"Darío Hidalgo Guerrero, Ph.D.",Profesor Notable - Consejero Académico,Ingeniería Industrial,Facultad de Ingeniería,,"Doctorado, Doctorado En Planeamiento De Transporte | Fecha de grado: | 21 mar 1997 | Maestría, Maestría En Planeamiento De Transporte | Fecha de grado: | 01 sept 1994 | Especialización, Especialización En Evaluación Social De Proyectos | Fecha de grado: | 03 jul 1992 | Pregrado, Ingeniería Civil | Fecha de grado: | 01 abr 1989",https://perfilesycapacidades.javeriana.edu.co/es/persons/dariohidalgo
"Eliana María González Neira, Ph.D.",Profesor Asociado - Consejero Académico,Ingeniería Industrial,Facultad de Ingeniería,"Eliana María González Neira se encuentra vinculada a la Pontificia Universidad Javeriana desde el año 2009 y es profesora asociada del Departamento de Ingeniería Industrial. Actualmente desarrolla labores de docencia en los programas de Ingeniería Industrial y Maestría en Ingeniería Industrial en las temáticas de métodos cuantitativos, dirige trabajos de grado de pregrado y maestría en Ingeniería Industrial y desarrolla labores de investigación en métodos cuantitativos aplicados a la resolución de problemas de producción y logística en producción de bienes y servicios involucrando el análisis de estocasticidad de las variables de entrada.
Ha desarrollado diversas investigaciones en temas de programación de la producción en ambientes determinísticos y estocásticos, programación de la producción integrada con ruteo, programación de salas de cirugía en ambientes determinísticos y estocásticos, diseños experimentales para evaluar la efectividad de pruebas de entrenamiento en habilidades de laparoscopia, entre otros. Ha sido también coordinadora de trabajos de grado del programa de Ingeniería Industrial, jefe de la sección de Métodos Cuantitativos del Departamento de Ingeniería Industrial y líder del Semillero de Investigación de Operaciones en salud.
Sus principales intereses de investigación incluyen la investigación de operaciones aplicada a la solución de problemas de producción y logística y a problemas en salud.
Ha publicado un total de 25 artículos originales en revistas indexadas en SCOPUS o ISI, con más de 370 citas. Ha sido revisora de publicaciones científicas en varias revistas indexadas en SCOPUS e ISI tales como Computers and Operations Research, Computers and Industrial Engineering, Annals of Operations Research, Expert Systems with Applications, entre otras. Ha participado en la evaluación de tesis doctorales y de maestría en otras universidades del país y universidades del exterior. Finalmente, a nivel profesional, se desempeñó durante 5 años como Jefe de Logística en una empresa del sector óptico.","Doctorado, Doctora en Logística y Gestión de Cadenas de Suministros | Fecha de grado: | 12 dic 2018 | Maestría, Magistra en Ingeniería Industrial | Fecha de grado: | 03 sept 2011 | Pregrado, Ingeniera Industrial | Fecha de grado: | 28 ago 2004",https://perfilesycapacidades.javeriana.edu.co/es/persons/eliana.gonzalez
"Giovanna Rosa Fiorillo Obando, MSc.",Profesor Asistente - Consejero Académico,Ingeniería Industrial,Facultad de Ingeniería,,"Maestría, Master en Direccion Comercial y Marketing | Fecha de grado: | 01 dic 2001 | Pregrado, Ingeniero Industrial | Fecha de grado: | 01 dic 1991",https://perfilesycapacidades.javeriana.edu.co/es/persons/fiorillo
"Iván Fernando Mondragón Bernal, Ph.D.",Profesor Asociado - Consejero Académico,Ingeniería Industrial,Facultad de Ingeniería,"Profesor Titular: Profesor titular en el departamento de Ingeniería Industrial de la Faculta de Ingeniería. Investigador y director Departamento de Ingenieria Industrial. Docencia en al área de tecnología dentro de los programas de Pregrado y Maestría en Ingeniería Industrial, Mecánicia, BioIngeniería y Electrónica (Sistemas de manufactura Flexible, Automatización, Factores Energéticos, Procesos Industriales, etc). Dirección y Participación en proyectos de investigación y consultoría realizados por el CTAI y el departamento de ingeniería Industrial. Investigación en el área de visión por computador aplicada a vehículos aéreos no tripulaods, sistemas de manufactura flexible e industria 4.0, realidad virtual, agricultura de precisión, robótica entre otros.","Doctorado, Doctor Europeo en Automática y Robótica | Fecha de grado: | 16 nov 2011 | Maestría, Magister en Ingeniería Electrónica y de Computadores | Fecha de grado: | 31 may 2005 | Pregrado, Ingeniero Electricista | Fecha de grado: | 11 oct 2002",https://perfilesycapacidades.javeriana.edu.co/es/persons/imondragon
"Jorge Andrés Alvarado Valencia, Ph.D.",Profesor Titular - Consejero Académico,Ingeniería Industrial,Facultad de Ingeniería,"Soy un profesor universitario e investigador en los campos del procesamiento de lenguaje natural, inteligencia artificial y analítica de datos para negocios con un enfoque en ciencias cognitivas y 13 años de experiencia en gestión universitaria. Los logros y habilidades clave incluyen:
Desarrollar e implementar modelos analíticos y de inteligencia artificial útiles basados ​​en datos en un entorno altamente interdisciplinario.
Realizar investigaciones de vanguardia en el procesamiento del lenguaje natural (NLP) y ciencias cognitivas con un enfoque en los sentidos y las emociones, y la interacción humano-computadora con un enfoque en el pronóstico de la demanda con juicio humano.
Administrar equipos en universidades para cumplir con los objetivos académicos, presupuestales y educativos bajo restricciones de tiempo y recursos.
Tutoría y desarrollo de habilidades de personas en el campo de la ciencia de datos y la inteligencia artificial por medio de currículos formales y cursos de educación continua.","Doctorado, Doctor en Ingeniería | Fecha de grado: | 18 dic 2014 | Maestría, Master of Science in Analytics | Fecha de grado: | 01 may 2009 | Maestría, Magister en Educación | Fecha de grado: | 01 mar 2006 | Pregrado, Ingeniero Industrial | Fecha de grado: | 01 abr 1997",https://perfilesycapacidades.javeriana.edu.co/es/persons/jorge.alvarado
"Jorge Andrés Macías Quintero, M.Sc.",Profesor Instructor,Ingeniería Industrial,Facultad de Ingeniería,,"Pregrado, Ingeniería Mecánica | Fecha de grado: | 20 ago 2011",https://perfilesycapacidades.javeriana.edu.co/es/persons/maciasjo
"Juan Camilo Acosta Mejía, Ph.D.",Profesor Asistente - Consejero Académico,Ingeniería Industrial,Facultad de Ingeniería,,"Doctorado, Doctor en Ciencias Mecánicas, Acústica, Electrónica y Robótica | Fecha de grado: | 11 ene 2012 | Maestría, Magíster en Ciencias de la Ingeniería | Fecha de grado: | 16 dic 2010 | Pregrado, Ingeniero Electrónico | Fecha de grado: | 10 nov 2006",https://perfilesycapacidades.javeriana.edu.co/es/persons/acosta.juanc
"Juan Carlos García Díaz, Ph.D.",Profesor Temporal - Consejero Académico,Ingeniería Industrial,Facultad de Ingeniería,,,https://perfilesycapacidades.javeriana.edu.co/es/persons/jgarcia.d
"Lope Hugo Barrero Solano, Sc.D.",Profesor Titular - Consejero Académico,Ingeniería Industrial,Facultad de Ingeniería,,"Doctorado, Doctor of Sciencie in Environmental Health Concentrating in Exposure, Epidemiology and Risk | Fecha de grado: | 07 jun 2007 | Maestría, Master of Science in Enviromental Health | Fecha de grado: | 01 jun 2004 | Pregrado, Ingeniero Industrial | Fecha de grado: | 01 dic 1998",https://perfilesycapacidades.javeriana.edu.co/es/persons/lopehugo
Luis Andrés Saavedra Robinson. Ph.D.,Profesor Asociado - Consejero Académico,Ingeniería Industrial,Facultad de Ingeniería,"Ingeniero Industrial por la Pontificia Universidad Javeriana (Bogotá, Colombia) y Doctor en Administración y Dirección de Empresas con énfasis en Ergonomía por la Universitat Politècnica de Catalunya - UPC (Barcelona, España). Actualmente es profesor asociado en la Facultad de Ingeniería de la Pontificia Universidad Javeriana, donde imparte clases y participa en proyectos centrados en la relación entre los procesos industriales, los métodos y la productividad con las condiciones ergonómicas en el lugar de trabajo en varios sectores: flores, automoción, caña de azúcar, construcción, alimentación y transporte, entre otros. Su interés también está relacionado con la calidad de la educación. Como profesor, fue director del grado en Ingeniería Industrial, donde dirigió la acreditación internacional ABET para el programa académico, coordinó el rediseño del plan de estudios y participó en las redes nacionales de ingeniería industrial (ACOFI). Su trabajo reciente tiene como objetivo relacionar los factores humanos con las nuevas tendencias en la industria (modelización humana en entornos industriales, industria 5.0, logística entre otros).","Doctorado, Doctor en Administración y Dirección de Empresas | Fecha de grado: | 30 sept 2013 | Pregrado, Ingeniero Industrial | Fecha de grado: | 09 abr 2005",https://perfilesycapacidades.javeriana.edu.co/es/persons/l.saavedra
"Luisa Fernanda Posada Uribe, Ph.D.",Profesor Asistente - Consejero Académico,Ingeniería Industrial,Facultad de Ingeniería,,"Doctorado, Doctora en Biotecnología | Fecha de grado: | 28 jun 2017 | Maestría, Magíster en Ciencias - Biotecnología | Fecha de grado: | 27 ago 2012 | Pregrado, Ingeniero de Procesos | Fecha de grado: | 13 dic 2007",https://perfilesycapacidades.javeriana.edu.co/es/persons/luisaf_posada
"Luz Marlen Ahumada Castro, Ph.D.",Profesor Asistente - Consejero Académico,Ingeniería Industrial,Facultad de Ingeniería,"Luz Marlen Ahumada se encuentra vinculada a la Pontificia Universidad Javeriana desde el año 2024 y actualmente es profesora asistente del Departamento de Ingeniería Industrial. Desarrolla labores de docencia en los programas académicos de Ingeniería Industrial e Ingeniería Mecartrónica, y de investigación en el campo de los combustibles y la dinámica computacional de fluidos.
Ha desarrollado investigaciones en temas de transformaciones de la energía, nuevos energéticos, combustibles y modelos de cambio de fase en redes de gas natural en el sector oil&gas. 
Los principales intereses de investigación de la profesora incluyen: combustibles tradicionales y de origen renovable, licuefacción de gases y simulación computacional de fenomenos de transporte.
La profesora posee 1 patente de invención de un sistema de enfriamiento y licuefacción de gases en Colombia y Perú, 4 softwares numéricos de resolución de ecuaciones con métodos de discretización de alto orden, y artículos científicos en los temas mencionados con anterioridad.","Doctorado, Doctora en Ingeniería Mecánica | Fecha de grado: | 22 sept 2023 | Maestría, Magíster en Ingeniería Mecánica | Fecha de grado: | 11 mar 2016 | Pregrado, Ingeniero Mecánico | Fecha de grado: | 13 dic 2013",https://perfilesycapacidades.javeriana.edu.co/es/persons/lm-ahumadac
"Martha Helena Carrillo Ramírez, Ph.D.",Profesor Asociado - Consejero Académico,Ingeniería Industrial,Facultad de Ingeniería,,"Doctorado, Doctora en La Realidad Empresarial: Un Análisis Multidisciplinar | Fecha de grado: | 17 sept 2012 | Especialización, Especialista en Logistica Integral | Fecha de grado: | 01 oct 2000 | Maestría, Master en Logística Integral | Fecha de grado: | 01 oct 2000 | Especialización, Especialista en Sistemas Gerenciales de Ingeniería | Fecha de grado: | 01 ago 1996 | Pregrado, Ingeniero Industrial | Fecha de grado: | 01 dic 1990",https://perfilesycapacidades.javeriana.edu.co/es/persons/mcarrill
"Martha Patricia Caro Gutiérrez, Ph.D.",Profesor Asociado - Consejero Académico,Ingeniería Industrial,Facultad de Ingeniería,"Profesora Asociada del Departamento de Ingeniería Industrial y Líder del grupo de investigación Centro de Estudios de Ergonomía de la misma Universidad. 
Con experiencia en Docencia, Investigación y Consultoría en ergonomía cognitiva aplicada a Salud y Logística en empresas del sector Salud, Hidrocarburos y Alimentos. 
Amplia experiencia en diseño de entrenamiento, evaluación de habilidades cognitivas, modelos cognitivos en tareas industriales y de servicios.","Doctorado, Doctora en Ingeniería | Fecha de grado: | 10 mar 2018 | Especialización, Especialista en Logistica Integral | Fecha de grado: | 01 dic 2000 | Maestría, Master en Logística Integral | Fecha de grado: | 01 sept 2000 | Pregrado, Ingeniero Industrial | Fecha de grado: | 01 dic 1990",https://perfilesycapacidades.javeriana.edu.co/es/persons/mpcaro
"Nicolás Rincón García, Ph.D.",Profesor Asociado - Consejero Académico,Ingeniería Industrial,Facultad de Ingeniería,,"Doctorado, Doctor en Ingeniería Industrial | Fecha de grado: | 23 jun 2016 | Maestría, Master in Logistics and Supply Chain Management | Fecha de grado: | 09 oct 2008 | Pregrado, Ingeniero Industrial | Fecha de grado: | 09 abr 2005",https://perfilesycapacidades.javeriana.edu.co/es/persons/nicolas.rincon
"Oscar David Barrera Ferro, Ph.D.",Profesor Asociado - Consejero Académico,Ingeniería Industrial,Facultad de Ingeniería,"My work falls on the applied side of operational research, focusing on the development and implementation of predictive and prescriptive models to support decision-making in the healthcare sector. Over the past fifteen years, I have worked on resource planning and scheduling, the evaluation of public programs and policies, and the design of early warning systems, among others. My research seeks to bridge methodological rigor and real-world impact, ensuring that analytical tools are both technically sound and practically relevant. Methodologically, I am particularly interested in integrating operations research, process mining, and artificial intelligence approaches to better understand care pathways and improve system performance. Throughout my career, I have collaborated closely with institutions responsible for healthcare administration and service delivery in Colombia, engaging in projects aimed at strengthening planning, evaluation, and decision-support capabilities.","Doctorado, Doctor of Philosophy | Fecha de grado: | 17 oct 2022 | Maestría, Magíster en Ingeniería. Área: Industrial | Fecha de grado: | 26 mar 2011 | Pregrado, Ingeniero Industrial | Fecha de grado: | 15 abr 2009",https://perfilesycapacidades.javeriana.edu.co/es/persons/barrera-o
"Oscar Fernando Sánchez Medina, Ph.D.",Profesor Asistente - Consejero Académico,Ingeniería Industrial,Facultad de Ingeniería,"I am a Chemical Engineer and Pharmaceutical Chemist with a robust background in teaching and research. I currently serve as a faculty in the Department of Industrial Engineering at Pontificia Universidad Javeriana, with a focus on the Bioengineering program.
My research lies at the intersection of chemical engineering and bioengineering, emphasizing biotechnological, pharmaceutical, and environmental processes. I have expertise in epigenetics, neurodegenerative disorders, inborn errors of metabolism, and environmental toxicology. Additionally, I have conducted studies on the in vitro evaluation of neuroprotection and antineoplastic effects of plant extracts.","Doctorado, Doctorate In Philosophy | Fecha de grado: | 04 ago 2017 | Maestría, Master Of Science In Chemical Engineering | Fecha de grado: | 20 dic 2014 | Maestría, Maestría En Ingeniería - Ingeniería Química | Fecha de grado: | 15 sept 2006 | Pregrado, Química Farmacéutica | Fecha de grado: | 21 mar 2002 | Pregrado, Ingeniería Química | Fecha de grado: | 04 jun 1999 | Palabras clave | Q Science | Bioengineering | Biosensor | Bioremediation | Bioprocess | Pharmacy | T Technology | Epigenetics | Chemical Processes",https://perfilesycapacidades.javeriana.edu.co/es/persons/oscar_sanchezm
"Raúl Fabián Roldán Nariño, Ph.D.",Profesor Asistente - Consejero Académico,Ingeniería Industrial,Facultad de Ingeniería,"Raúl F. Roldán is PhD by the Mondragon Unibertsitatea in Spain. He studied a PhD in the Research Group Intelligent Systems and Distributed. Raúl Roldán has been affiliated with Pontificia Universidad Javeriana since 2018 and currently serves as an Assistant Professor in the Department of Industrial Engineering. He is actively engaged in teaching within the Industrial Engineering program and conducts research in the fields of operations research, process simulation, and logistics applications. His research efforts have focused on operations research with specific applications in the logistics sector, where he has also served as Head of the Operations Research section within the Department of Industrial Engineering. His primary research interests lie in the advanced utilization of industrial engineering tools within logistics contexts. Dr. Roldán boasts a distinguished academic record, having authored numerous original articles published in reputable international peer-reviewed journals, garnering over 120 citations. He further contributes to the scholarly community as a reviewer for journals specializing in operations research.","Doctorado, Doctor en Ingeniería Mecánica y Energía Eléctrica | Fecha de grado: | 29 jun 2016",https://perfilesycapacidades.javeriana.edu.co/es/persons/rroldan
"Ricardo Abad Barros Castro, Ph.D.",Profesor Asociado - Consejero Académico,Ingeniería Industrial,Facultad de Ingeniería,"Doctor in Engineering, Master of Industrial Engineering, and Industrial Engineer from the Universidad de los Andes, Bogotá (Colombia), expert in systemic methodologies for organizational intervention. His academic interests include systems thinking, diagnosis, organizational design and learning, collaborative learning, ICT integration and engineering education, conflict management and peacebuilding, and organizational strategy, among others. He has teaching experience in various undergraduate and graduate courses related to organizational management and systems thinking. His research experience includes organizational intervention projects using systemic methodologies and projects focused on the effectiveness of teaching and learning strategies in engineering. He also has managerial experience directing undergraduate and graduate academic units and institutional academic projects. He maintains a network of researchers in Colombia, Chile, and the United Kingdom and has a substantial number of publications and presentations in internationally recognized journals and conferences on the aforementioned topics.","Doctorado, Doctor en Ingeniería | Fecha de grado: | 05 abr 2013",https://perfilesycapacidades.javeriana.edu.co/es/persons/ricardo-barros
"Alexandra Pomares Quimbaya, Ph.D.",Profesor Titular,Ingeniería de Sistemas,Facultad de Ingeniería,"Ing. Alexandra Pomares Quimbaya, Ph.D.
 es Directora de Investigación y Profesora Titular en la Pontificia Universidad Javeriana, en Bogotá, Colombia. A lo largo de su trayectoria ha trabajado en inteligencia de negocios, analítica e integración de datos en ámbitos académicos, de investigación y consultoría. Actualmente se enfoca en fortalecer las capacidades de investigación en Colombia y la región, y en el análisis de datos no estructurados mediante técnicas de procesamiento de lenguaje natural y algoritmos de aprendizaje automático.
Es presidenta del Comité de Cultura y Desarrollo Digital de la Universidad, desde donde impulsa iniciativas institucionales para promover la toma de decisiones basada en datos y la adopción responsable de tecnologías digitales. Sus intereses de investigación incluyen la inteligencia artificial y sus aplicaciones en la investigación, particularmente el uso de IA para mejorar los flujos de trabajo científicos, optimizar el análisis de información compleja y apoyar la generación de evidencia.
Ha sido investigadora visitante en la Medical University of Graz (Austria), Aalborg University (Dinamarca) y la Universidad de Jaén (España). Es ingeniera de sistemas de la Pontificia Universidad Javeriana, magíster en Ingeniería de Sistemas y Computación de la Universidad de los Andes, doctora en Ingeniería de la Universidad de los Andes (Colombia) y doctora en Ciencias de la Computación de la Universidad de Grenoble (Francia).","Doctorado, Doctora en Ingenieria | Fecha de grado: | 25 sept 2010 | Doctorado, Doctorado en Informática | Fecha de grado: | 26 jul 2010 | Maestría, Magister en Ingenieria de Sistemas y Computacion | Fecha de grado: | 01 mar 2006 | Pregrado, Ingeniero de Sistemas | Fecha de grado: | 01 dic 1999",https://perfilesycapacidades.javeriana.edu.co/es/persons/alexandra-pomares-quimbaya
"Andrea del Pilar Rueda Olarte, Ph.D.",Profesor Asociado - Consejero Académico,Ingeniería de Sistemas,Facultad de Ingeniería,Andrea Rueda-Olarte se encuentra vinculada a la Pontificia Universidad Javeriana desde el año 2013 y actualmente es profesora asociada de Departamento de Ingeniería de Sistemas. Desarrolla labores de docencia en Ingeniería de Sistemas y de investigación en el campo de procesamiento y análisis de imágenes médicas.,"Doctorado, Doctora en Ingeniería | Fecha de grado: | 13 sept 2013 | Maestría, Magíster en Ingeniería de Sistemas | Fecha de grado: | 15 jul 2008 | Pregrado, Ingeniería de Sistemas | Fecha de grado: | 21 abr 2006",https://perfilesycapacidades.javeriana.edu.co/es/persons/rueda-andrea
"Andrés Dario Moreno Barbosa, Ph.D.",Profesor Asistente - Consejero Académico,Ingeniería de Sistemas,Facultad de Ingeniería,"Andrés Moreno es profesor del Departamento de Ingeniería de Sistemas en la Pontificia Universidad Javeriana (Bogotá) e investigador en ciencia de datos aplicada e inteligencia artificial. Su trabajo se centra en el diseño, implementación y evaluación de modelos de 
machine learning
, aprendizaje profundo (
deep learning
) y procesamiento de lenguaje natural (NLP), así como en el desarrollo de arquitecturas de datos a gran escala para aplicaciones de alto impacto social.","Doctorado, Doctor en Informática | Fecha de grado: | 02 may 2016 | Doctorado, Doctor en Informática | Fecha de grado: | 02 may 2016 | Maestría, Maestría En Ingeniería De Sistemas Y Computación | Fecha de grado: | 20 sept 2008 | Pregrado, Ingeniero de Sistemas y Computación | Fecha de grado: | 16 sept 2006",https://perfilesycapacidades.javeriana.edu.co/es/persons/ad.morenob
"Andrés Oswaldo Calderón Romero, Ph.D.",Profesor,Ingeniería de Sistemas,Facultad de Ingeniería,"Mi trayectoria académica se ha definido por la intersección entre el análisis de algoritmos geoespaciales y la computación de alto rendimiento. Durante mi investigación de maestría y doctorado, me centré en el desarrollo de metodologías computacionales robustas para el procesamiento distribuido de conjuntos de datos complejos, con un interés particular en 
datos espacio-temporales
. 
Actualmente, mi labor se centra en los campos en evolución de la 
Ciencia de Información Geográfica (GIS), Geoinformática
 y 
GeoIA
, con un énfasis principal en el 
procesamiento distribuido de datos espacio-temporales 
(bases de datos de trayectorias y/o imágenes satelitales). Me especializo en el aprovechamiento de entornos de clúster de alto rendimiento e indexación avanzada de bases de datos para gestionar y analizar información geoespacial a gran escala. Me centro en arquitecturas distribuidas y herramientas como 
Scala
 y 
Apache Sedona
.  Más información en https://cs.ucr.edu/~acald013/.","Maestría, Maestría En Geoinformación Y Observación Terrestre | Fecha de grado: | 11 mar 2011 | Pregrado, Ingeniería De Sistemas | Fecha de grado: | 21 abr 2007 | Palabras clave | QA75 Electronic computers. Computer science | Big Spatial Data | Movement Patterns | Geographic Information Systems | Geoinformatics | Data Sciences | Spatio-temporal Databases",https://perfilesycapacidades.javeriana.edu.co/es/persons/andrescalderonr
"Angela Cristina Carrillo Ramos, Ph.D.",Profesor Titular - Consejero Académico,Ingeniería de Sistemas,Facultad de Ingeniería,"Profesora Titular del Departamento de Ingeniería de Sistemas, recibió el título de Ingeniera de Sistemas y Computación así como de Magister en Ingeniería de Sistemas y Computación de la Universidad de Los Andes (Colombia), y su Doctorado en Informática de la Universidad Joseph Fourier (Francia). Se encuentra clasificado como Investigador Senior según la última clasificación de Minciencias. Ha sido directora de la maestría en Ingeniería de Sistemas y Computación así como de las Especializaciones en Arquitectura Empresarial de Sw y en Gerencia de Proyectos de TI.  Es autora de artículos de revistas y conferencias en temas de Personalización y Adaptación.  Sus intereses se centran en Sistemas Multiagentes, Sistemas de Información, Adaptación y Personalización, particularmente aplicados en Educación.","Doctorado, Doctor en Informática | Fecha de grado: | 08 abr 2008 | Maestría, Magister en Ingenieria de Sistemas y Computacion | Fecha de grado: | 01 mar 1998 | Pregrado, Ingeniera de Sistemas y Computacion | Fecha de grado: | 01 mar 1996",https://perfilesycapacidades.javeriana.edu.co/es/persons/angela.carrillo
"Carlos Andrés Parra Acevedo, Ph.D.",Profesor Asociado - Consejero Académico,Ingeniería de Sistemas,Facultad de Ingeniería,"Carlos Andrés Parra Acevedo es Profesor Asociado de la Pontificia Universidad Javeriana (Colombia). A lo largo de su carrera, ha desempeñado roles como desarrollador, arquitecto y consultor especializado en proyectos de ingeniería de software para diversas organizaciones, incluyendo, entidades gubernamentales y empresas del sector privado. Tambien se ha desempeñado como director del pregrado en Ingeniería de Sistemas. Sus áreas de interés son: Ingeniería de Software, Computación Móvil, Microservicios y Computación en la Nube . Ha publicado varios artículos sobre dichos temas en conferencias y revistas nacionales e internacionales.","Doctorado, Doctor en Ciencias de la Computación | Fecha de grado: | 10 mar 2011 | Maestría, Magíster en Ingeniería. Área: Sistemas y Computación | Fecha de grado: | 15 sept 2007 | Pregrado, Ingeniero de Sistemas | Fecha de grado: | 15 oct 2004",https://perfilesycapacidades.javeriana.edu.co/es/persons/ca.parraa
"Cécile Eugenie Gauthier Umaña, Ph.D.",Profesor Temporal Asistente - Consejero Académico,Ingeniería de Sistemas,Facultad de Ingeniería,,"Doctorado, Doctorado En Ciencias Biomédicas Y Biológicas | Fecha de grado: | 26 oct 2023 | Maestría, Maestría En Ingeniería Electrónica Y De Computadores | Fecha de grado: | 30 ago 2013 | Pregrado, Ingeniería Electrónica | Fecha de grado: | 17 sept 2005",https://perfilesycapacidades.javeriana.edu.co/es/persons/gauthier_ce01
"César Julio Bustacara Medina, Ph.D.",Profesor Titular,Ingeniería de Sistemas,Facultad de Ingeniería,,"Doctorado, Doctor en Ingeniería | Fecha de grado: | 22 sept 2018 | Maestría, Magister en Ingeniería Electrica | Fecha de grado: | 06 sept 1997 | Pregrado, Ingeniero de Sistemas | Fecha de grado: | 01 dic 1994",https://perfilesycapacidades.javeriana.edu.co/es/persons/cbustaca
"Edgar Enrique Ruíz García, MSc.",Profesor Asistente - Consejero Académico,Ingeniería de Sistemas,Facultad de Ingeniería,,"Maestría, Magister en Ingeniería de Sistemas y Computación | Fecha de grado: | 20 abr 2013 | Especialización, Especialista en Seguridad de Redes | Fecha de grado: | 01 sept 2001 | Pregrado, Ingeniero de Sistemas | Fecha de grado: | 01 ago 1998",https://perfilesycapacidades.javeriana.edu.co/es/persons/eruiz
"Efraín Ortiz Pabón, Ph.D.",Profesor Asociado - Consejero Académico,Ingeniería de Sistemas,Facultad de Ingeniería,"Ing. Efraín Ortiz Pabón, M.Sc., Ph.D.
Profesor Asociado en la Pontificia Universidad Javeriana, en Bogotá, Colombia, adscrito a la Facultad de Ingeniería, Departamento de Ingeniería de Sistemas. A lo largo de su trayectoria profesional ha trabajado en los sectores público y privado. Ha combinado los escenarios académico, investigativo y empresarial, enfocándose principalmente en campos temáticos relacionados con la innovación, el emprendimiento, las tecnologías de la información y la comunicación (TIC), y la transformación digital. Posee una experiencia amplia en el campo de la consultoría en diferentes sectores industriales dentro de los cuales se destacan: defensa del estado, industria militar, industrias del software, salud, química, redes y telecomunicaciones, educación, biotecnología, alimentos y clústeres empresariales regionales.
Ha sido presidente de la Fundación para el Desarrollo de la Innovación y el Emprendimiento - Ennove Group, Vicepresidente de Tecnología de Business Association S.A. y fue el primer Director ejecutivo del SAJE Montreal Metro para Colombia. Ha desempeñado el rol de miembro de juntas directivas en diferentes tipos de organizaciones como: incubadoras de empresas de base tecnológica, empresas de servicios de infraestructura en telecomunicaciones, importadoras de alimentos procesados para animales y exportadoras de prendas de vestir.
Investigador visitante en el TEC de Costa Rica, Campus San Carlos. Es Ingeniero de Sistemas de la Universidad Autónoma de Colombia, M.Sc. de la Universidad de Quebec Chicoutimi, MBA de la Universidad Politécnica de Madrid (España), Master en Gestión de Organizaciones, Especialista en Gerencia de Tecnología y Doctor en Gestión de la Universidad EAN en Bogotá.","Doctorado, Doctor en Gestión, | Universidad EAN | Fecha de grado: | 24 nov 2017 | Maestría, Maître ès sciences, | Université du Québec à Chicoutimi | Fecha de grado: | 16 dic 2015 | Maestría, Magíster en Gestión de Organizaciones, | Universidad EAN | Fecha de grado: | 31 jul 2015 | Maestría, Magister en Administración de Empresas, | UNIVERSIDAD POLITECNICA DE MADRID -UNIVERSIDA | Fecha de grado: | 01 may 2004 | Especialización, Especialista en Administración de Empresas, | UNIVERSIDAD POLITECNICA DE MADRID -UNIVERSIDA | Fecha de grado: | 01 jun 2002 | Especialización, Especialista en Gerencia de Tecnoloia, | Universidad EAN | Fecha de grado: | 01 feb 1998 | Pregrado, Ingeniero de Sistemas, | Universidad Autónoma de Colombia | Fecha de grado: | 01 nov 1995",https://perfilesycapacidades.javeriana.edu.co/es/persons/efrain.ortiz
"Enrique González Guerrero, Ph.D.",Profesor Titular,Ingeniería de Sistemas,Facultad de Ingeniería,,"Doctorado, Docteur en Informatique | Fecha de grado: | 29 abr 1997 | Maestría, Diplome D'etudes Approfondis Robotique | Fecha de grado: | 01 jul 1993 | Maestría, Magister en Ingeniería Electrica | Fecha de grado: | 01 ene 1991 | Pregrado, Ingeniero Electrico | Fecha de grado: | 01 ene 1989",https://perfilesycapacidades.javeriana.edu.co/es/persons/egonzal
"Jaime Andrés Pavlich Mariscal, Ph.D.",Profesor Titular - Consejero Académico,Ingeniería de Sistemas,Facultad de Ingeniería,"Jaime A. Pavlich-Mariscal es Profesor Titular de la Pontificia Universidad Javeriana (Colombia). Sus áreas de interés son: Ingeniería de Software, Software Científico, Análisis de Datos y Procesamiento del Lenguaje Natural. Ha publicado varios artículos sobre dichos temas en conferencias y revistas. A lo largo de su carrera, ha desempeñado roles como desarrollador, arquitecto y consultor especializado en proyectos de ingeniería de software para diversas organizaciones, incluidas universidades, entidades gubernamentales y empresas del sector privado, tanto a nivel nacional como internacional.","Doctorado, Doctor de Filosofía en Ciencias de la Computacion e Ingenieria | Fecha de grado: | 14 dic 2008 | Pregrado, Licenciado en Ciencias de la Ingeniería | Fecha de grado: | 28 ene 2000",https://perfilesycapacidades.javeriana.edu.co/es/persons/jpavlich
"Javier Francisco López Parra, MSc.",Profesor Asistente - Consejero Académico,Ingeniería de Sistemas,Facultad de Ingeniería,,,https://perfilesycapacidades.javeriana.edu.co/es/persons/jlopez
"Jhon Alberto Talero Patiarroyo, MSc.",Profesor Asistente II,Ingeniería de Sistemas,Facultad de Ingeniería,,,...
"John Jairo Corredor Franco, Ph.D.",Profesor Temporal Asistente - Consejero Académico,Ingeniería de Sistemas,Facultad de Ingeniería,,"Doctorado, Doctorado En Computación De Altas Prestaciones | Fecha de grado: | 17 ago 2011 | Maestría, Maestría En Informática Avanzada | Fecha de grado: | 07 oct 2008 | Pregrado, Ingeniería De Sistemas | Fecha de grado: | 21 jun 2002",https://perfilesycapacidades.javeriana.edu.co/es/persons/corredor-johnj
"Juan Camilo González Vargas, MSc.",Profesor Temporal Instructor - Consejero Académico,Ingeniería de Sistemas,Facultad de Ingeniería,"Juan Camilo González Vargas se encuentra vinculado a la Pontificia Universidad Javeriana desde el año 2024 y actualmente es profesor instructor temporal del Departamento de Ingeniería.  Desarrolla labores de docencia en Ingeniería de Sistemas  y de investigación en el campo de la adaptación de la información, realidad aumentada y educación.
Ha desarrollado diversas investigaciones en temas educativos en el aprendizaje del patrimonio cultural y natural. Actualmente, es jefe de sección de programación.
Los principales intereses de investigación del profesor incluyen el uso de las tecnologías inmersivas, la ingeniería de software y el desarrollo. También esta interesado en aplicar estos conocimientos en los diferentes ámbitos educativos.
El profesor ha publicado a lo largo de los años un número considerable de artículos originales (con más de 133 citas) en revistas internacionles revisadas por pares de gran reputación.","Maestría, Maestría En Ingeniería De Sistemas Y Computación | Fecha de grado: | 19 nov 2016 | Pregrado, Ingeniería De Sistemas | Fecha de grado: | 18 abr 2015",https://perfilesycapacidades.javeriana.edu.co/es/persons/jgonzalez.v
"Juan Erasmo Gómez Morantes, Ph.D.",Profesor Asociado - Consejero Académico,Ingeniería de Sistemas,Facultad de Ingeniería,"El profesor Juan E. Gómez-Morantes es profesor asociado del Departamento de Ingeniería de Sistemas de la Pontificia Universidad Javeriana. Es ingeniero de sistemas y computación por formación básica, y se ha orientado hacia el entendimiento de las tecnologías de información como fenómeno social. Esto incluye aspectos como los sistemas de información en espacios organizacionales (MIS) y las tecnologías de información y comunicaciones para el desarrollo (ICT4D).","Doctorado, Doctor en Política de Desarrollo y Gestión | Fecha de grado: | 05 dic 2016 | Maestría, Magíster en Ingeniería de Sistemas y Computación | Fecha de grado: | 21 mar 2009 | Pregrado, Ingeniero de Sistemas y Computación | Fecha de grado: | 17 mar 2007",https://perfilesycapacidades.javeriana.edu.co/es/persons/je.gomezm
"Juan Sebastián Angarita Torres, MSc",Profesor Instructor II,Ingeniería de Sistemas,Facultad de Ingeniería,,,https://ingenieria.javeriana.edu.co/w/sistemas-juan-sebastian-angarita-torres?redirect=%2Fcuerpo-docente
Juddy Yinet Morales Peña,Profesor Instructora II,Ingeniería de Sistemas,Facultad de Ingeniería,,,https://ingenieria.javeriana.edu.co/cuerpo-docente/-/asset_publisher/2RdvomueIim5/content/sistemas-yuddy-yinet?p_r_p_assetEntryId=20130951&_com_liferay_asset_publisher_web_portlet_AssetPublisherPortlet_INSTANCE_2RdvomueIim5_redirect=https%3A%2F%2Fingenieria.javeriana.edu.co%2Fcuerpo-docente%3Fp_p_id%3Dcom_liferay_asset_publisher_web_portlet_AssetPublisherPortlet_INSTANCE_2RdvomueIim5%26p_p_lifecycle%3D0%26p_p_state%3Dnormal%26p_p_mode%3Dview%26p_r_p_assetEntryId%3D20130951%26_com_liferay_asset_publisher_web_portlet_AssetPublisherPortlet_INSTANCE_2RdvomueIim5_cur%3D0%26p_r_p_resetCur%3Dfalse
"Julio Ernesto Carreño Vargas, MSc.",Profesor Asistente - Consejero Académico,Ingeniería de Sistemas,Facultad de Ingeniería,"Julio Carreño se encuentra vinculado a la Pontificia Universidad Javeriana desde el año 2005 y actualmente es profesor Asistente del Departamento de Ing. de Sistemas. Desarrolla labores de docencia en el programa de ingenería de sistemas y de investigación en el campo de ingeniería de información.
Ha desarrollado diversas investigaciones en temas de bases de datos, arquitecturas de sofwtare en varios sectores.
Así mismo se ha desempeñado como consultor en temas de inteligencia de negocios, arquitectura empresarial en varias empresas del estado a través de convenios con la Universidad.
Los principales intereses en investigación del profesor incluyen las bases de datos y las arquitecturas de software con énfasis en inteligencia artificial.","Maestría, Mgíster en Ingeniería de Sistemas y Computación | Fecha de grado: | 16 mar 2002 | Pregrado, Ingeniero de Sistemas | Fecha de grado: | 01 mar 1998",https://perfilesycapacidades.javeriana.edu.co/es/persons/carreno-j
"Julio Omar Palacio Niño, MSc.",Profesor Temporal Instructor - Consejero Académico,Ingeniería de Sistemas,Facultad de Ingeniería,"Candidato a Doctor en Tecnologías de la Información y la Comunicación por la Universidad de Jaén (España). Magíster en Soft Computing y Sistemas Inteligentes de la Universidad de Granada (España) y Magíster en Ingeniería de Telecomunicaciones de la Universidad Nacional de Colombia. Ingeniero de Sistemas de la Universidad Nacional de Colombia. Cuenta con amplia experiencia en docencia universitaria, investigación y evaluación académica. Se ha desempeñado como como director de múltiples proyectos de grado y tesis en Ingeniería de Sistemas, Ciencia de Datos y maestrías en Inteligencia Artificial. Sus áreas de investigación y docencia se desarrollan en el campo de la Inteligencia Artificial, Machine Learning, Deep Learning y las bases de datos. Actualmente es profesor de tiempo completo en la Facultad de Ingeniería de la Pontificia Universidad Javeriana.","Maestría, Maestría En Soft Computing Y Sistemas Inteligentes | Fecha de grado: | 03 oct 2013 | Maestría, Maestría En Ingeniería - Telecomunicaciones | Fecha de grado: | 12 abr 2012 | Pregrado, Ingeniería De Sistemas | Fecha de grado: | 05 oct 2009 | Doctorado, Doctorado Tecnologías de la Información y la Comunicación, | Universidad de Granada | 07 ene 2018 | → | 28 dic 2024 | Doctorado, Doctorado en Tecnologías de la Informacion y la Comunicación, | Universidad de Jaén | 05 ene 2025 | → …",https://perfilesycapacidades.javeriana.edu.co/es/persons/julio-omar-ancizar-palacio-niño
"Leonardo Flórez Valencia, Ph.D.",Profesor Titular - Consejero Académico,Ingeniería de Sistemas,Facultad de Ingeniería,"Leonardo Flórez Valencia es ingeniero y magister en sistemas y computación de la Universidad de los Andes (títulos obtenidos en 2000 y 2002, respectivamente), además de tener un DEA (Diplôme d'Études Approfondies -2002-) y un doctorado (PhD) en imágenes y sistemas (2006) del INSA de Lyon en Francia.
 
Desde enero del 2007 es profesor de planta del Departamento de Ingeniería de Sistemas de la Pontificia Universidad Javeriana; donde, desde 2020, es profesor titular y director de la maestría en inteligencia artificial. Además, es director del grupo de investigación en bioingeniería, análisis de señales y procesamiento de imágenes (BASPI).
 
Sus intereses de investigación se centran en el procesamiento de imágenes médicas, computación gráfica, la geometría y la topología computacional.","Doctorado, Doctor en Imágenes y Sistemas | Fecha de grado: | 13 jul 2006 | Maestría, Master en Imagenes y Sistemas | Fecha de grado: | 01 oct 2002 | Pregrado, Ingeniero de Sistemas y Computacion | Fecha de grado: | 01 sept 2000",https://perfilesycapacidades.javeriana.edu.co/es/persons/florez-l
"Luis Carlos Díaz Chaparro, Ph.D.",Profesor Asociado - Consejero Académico,Ingeniería de Sistemas,Facultad de Ingeniería,,"Doctorado, Doctor of Engineering (dr.-ing.) | Fecha de grado: | 12 ene 2021 | Especialización, Especialista en Creacion Multimedia | Fecha de grado: | 01 may 2005 | Maestría, Magister en Ingenieria de Sistemas y Computacion | Fecha de grado: | 01 mar 1998 | Pregrado, Ingeniero de Sistemas | Fecha de grado: | 01 jul 1995",https://perfilesycapacidades.javeriana.edu.co/es/persons/luisdiaz
"Luis Gabriel Moreno Sandoval, Ph.D.",Profesor Temporal Asistente,Ingeniería de Sistemas,Facultad de Ingeniería,"Investigador académico y profesional en temas relacionados con sistemas de información, análisis de datos, minería de textos y redes sociales.
 
Amplio conocimiento en temas como lingüística computacional, sociolingüística computacional y semiótica computacional como temas principales del proyecto de investigación doctoral.
 
Desarrollo de proyectos en estas áreas con tecnologías y metodologías relacionadas con el análisis de datos y big data.
 
Participación en múltiples congresos internacionales otorgando reconocimiento a los estudios presentados.
 
Segundo lugar en la última conferencia PAN@CLEF 2019, sobre competencia en lingüística computacional para determinar estilos sociolingüísticos y variables demográficas, psicográficas y de comportamiento de una muestra de celebridades, en Lugano, Suiza.","Doctorado, Doctorado En Ingeniería | Fecha de grado: | 24 mar 2023 | Maestría, Maestría En Administración De Empresas | Fecha de grado: | 17 nov 2015 | Maestría, Maestría En Ciencias De La Información Y Las Comunicaciones | Fecha de grado: | 30 mar 2012 | Pregrado, Ingeniería De Sistemas | Fecha de grado: | 30 mar 2007",https://perfilesycapacidades.javeriana.edu.co/es/persons/morenoluis
"Mariela Josefina Curiel Huérfano, Ph.D.",Profesor Asociado - Consejero Académico,Ingeniería de Sistemas,Facultad de Ingeniería,"Soy Ingeniera de Computación (Universidad Simón Bolívar de Caracas, Venezuela, 1992), Magíster Scientiarum en Informática (Universidad Simón Bolívar, 1994) y Doctor en Tecnologías de la Información (Universidad de las Islas Baleares, España, 2000). Realicé un posdoctorado en la Universidad Federal de Minas Gerais (Brasil) en caracterización y generación de cargas de trabajo web. He impartido cursos de pregrado y posgrado en Computación en la Nube, Evaluación del Rendimiento de Sistemas Informáticos, Sistemas Operativos, Sistemas Distribuidos y Arquitectura de la Computación. Desde 2013, trabajo en la Pontificia Universidad Javeriana (PUJ) de Bogotá, Colombia. Mis intereses actuales incluyen: computación en la nube,  atributos de calidad en microservicios, tecnologías de virtualización, consumo energético de modelos de IA.","Doctorado, Doctora en Informática | Fecha de grado: | 06 jul 2000 | Maestría, Magister en Ciencia de la Computación | Fecha de grado: | 17 jun 1994 | Pregrado, Ingeniero en Computación | Fecha de grado: | 20 feb 1992",https://perfilesycapacidades.javeriana.edu.co/es/persons/mcuriel
"Oscar Danilo Martínez Bernal, MSc.",Profesor Asistente - Consejero Académico,Ingeniería de Sistemas,Facultad de Ingeniería,,"Maestría, Magíster en Ingeniería Electrónica | Fecha de grado: | 20 nov 2020 | Maestría, Magíster en Ingeniería Electrónica | Fecha de grado: | 20 nov 2020 | Maestría, Magíster en Bioingeniería | Fecha de grado: | 20 nov 2020 | Maestría, Magíster en Bioingeniería | Fecha de grado: | 20 nov 2020 | Pregrado, Ingeniero Electrónico | Fecha de grado: | 05 mar 2016",https://perfilesycapacidades.javeriana.edu.co/es/persons/omartinezb
"Rafael Andrés González Rivera, Ph.D.",Profesor Titular - Consejero Académico,Ingeniería de Sistemas,Facultad de Ingeniería,"Ingeniero de Sistemas de la Pontificia Universidad Javeriana, Magíster en Ciencias de la Computación y Doctor (cum laude) en Ingeniería de Sistemas de la Universidad Tecnológica de Delft, Países Bajos. Su trabajo integra sistemas de información y analítica de datos para el diseño de servicios y procesos basados en datos, con especial énfasis en salud digital, investigación clínica y transformación digital. Se desempeña como profesor, investigador y consultor en proyectos de innovación y toma de decisiones basadas en datos. Ha ocupado cargos de liderazgo académico y científico, incluyendo la dirección del Departamento de Ingeniería de Sistemas de la Universidad Javeriana, el Centro de Excelencia en Big Data y Data Analytics (Alianza CAOBA) y la subdirección del ecosistema científico del Programa GAT de Colombia Científica. Actualmente es editor de la revista 
Engineering for Development
.","Doctorado, Doctor en Ingenieria | Fecha de grado: | 05 jul 2010 | Maestría, Master en Informática Técnica | Fecha de grado: | 01 sept 2002 | Pregrado, Ingeniero de Sistemas | Fecha de grado: | 05 abr 2000",https://perfilesycapacidades.javeriana.edu.co/es/persons/ragonzalez
"Rafael Vicente Páez Méndez, Ph.D.",Profesor Asociado - Consejero Académico,Ingeniería de Sistemas,Facultad de Ingeniería,"Ingeniero de Sistemas, especialista en Seguridad Informática, Doctor en ingeniería Telemática con énfasis en seguridad, mención Cum Laude. Ex docente en la Universidad Pompeu Fabra en Barcelona (España), actualmente profesor asociado en la Pontificia Universidad Javeriana de Bogotá. Director de la Maestría en Seguridad Digital de la Pontifica Universidad Javeriana. Líder del grupo de investigación SiDRe en el que se investiga en temas de Computación de alto desempeño, IoT, computación móvil, Sistemas multiagente y Ciberseguridad. Coordinador del diplomado en Seguridad de la Información, Informática forense y del curso Seguridad defensiva y Ofensiva. Coordinador del semillero de ciberseguridad WhiteLab.
Consultor en organizaciones públicas y privadas en el área de seguridad y tecnologías de información. Conferencista en temas de investigación sobre seguridad digital en eventos nacionales e internacionales y director de proyectos de investigación en pregrado, maestría y doctorado en los temas de redes y seguridad informática.","Doctorado, Doctor en Ingeniería Telematica | Fecha de grado: | 21 may 2008 | Especialización, Especialista en Seguridad de Redes | Fecha de grado: | 01 abr 2003 | Pregrado, Ingeniero de Sistemas | Fecha de grado: | 01 sept 2001",https://perfilesycapacidades.javeriana.edu.co/es/persons/paez-r
